image,label
00001__Black_Footed_Albatross_0046_18.jpg,3
00003__Black_Footed_Albatross_0002_55.jpg,6
00006__Black_Footed_Albatross_0085_92.jpg,23
00010__Black_Footed_Albatross_0025_796057.jpg,6
00012__Black_Footed_Albatross_0086_796062.jpg,6
00013__Black_Footed_Albatross_0049_796063.jpg,6
00014__Black_Footed_Albatross_0006_796065.jpg,6
00016__Black_Footed_Albatross_0016_796067.jpg,6
00017__Black_Footed_Albatross_0065_796068.jpg,6
00019__Black_Footed_Albatross_0042_796071.jpg,3
00022__Black_Footed_Albatross_0090_796077.jpg,6
00024__Black_Footed_Albatross_0061_796082.jpg,3
00025__Black_Footed_Albatross_0008_796083.jpg,6
00026__Black_Footed_Albatross_0033_796086.jpg,3
00027__Black_Footed_Albatross_0024_796089.jpg,6
00028__Black_Footed_Albatross_0005_796090.jpg,6
00029__Black_Footed_Albatross_0026_796095.jpg,6
00033__Black_Footed_Albatross_0064_796101.jpg,3
00034__Black_Footed_Albatross_0076_417.jpg,6
00038__Black_Footed_Albatross_0053_796109.jpg,3
00039__Black_Footed_Albatross_0001_796111.jpg,6
00044__Black_Footed_Albatross_0037_796120.jpg,3
00045__Black_Footed_Albatross_0082_796121.jpg,6
00047__Black_Footed_Albatross_0050_796125.jpg,6
00048__Black_Footed_Albatross_0078_796126.jpg,6
00050__Black_Footed_Albatross_0045_796129.jpg,6
00052__Black_Footed_Albatross_0088_796133.jpg,6
00054__Black_Footed_Albatross_0003_796136.jpg,6
00057__Black_Footed_Albatross_0035_796140.jpg,23
00059__Black_Footed_Albatross_0058_796074.jpg,3
00061__Laysan_Albatross_0002_1027.jpg,23
00063__Laysan_Albatross_0082_524.jpg,13
00065__Laysan_Albatross_0070_788.jpg,6
00068__Laysan_Albatross_0053_543.jpg,3
00070__Laysan_Albatross_0001_545.jpg,6
00071__Laysan_Albatross_0023_1059.jpg,6
00076__Laysan_Albatross_0060_777.jpg,12
00079__Laysan_Albatross_0080_821.jpg,6
00082__Laysan_Albatross_0091_602.jpg,6
00083__Laysan_Albatross_0102_611.jpg,6
00085__Laysan_Albatross_0017_614.jpg,6
00087__Laysan_Albatross_0035_876.jpg,6
00088__Laysan_Albatross_0098_621.jpg,26
00090__Laysan_Albatross_0034_628.jpg,26
00091__Laysan_Albatross_0104_630.jpg,6
00092__Laysan_Albatross_0058_637.jpg,6
00093__Laysan_Albatross_0028_643.jpg,26
00094__Laysan_Albatross_0033_658.jpg,6
00095__Laysan_Albatross_0075_668.jpg,6
00098__Laysan_Albatross_0064_674.jpg,6
00100__Laysan_Albatross_0049_918.jpg,3
00101__Laysan_Albatross_0012_696.jpg,3
00103__Laysan_Albatross_0037_699.jpg,6
00106__Laysan_Albatross_0042_801.jpg,6
00107__Laysan_Albatross_0004_930.jpg,6
00108__Laysan_Albatross_0093_725.jpg,6
00112__Laysan_Albatross_0021_737.jpg,28
00114__Laysan_Albatross_0059_488.jpg,25
00118__Laysan_Albatross_0103_504.jpg,13
00119__Laysan_Albatross_0079_506.jpg,6
00126__Sooty_Albatross_0003_1078.jpg,6
00129__Sooty_Albatross_0044_1105.jpg,9
00130__Sooty_Albatross_0071_1116.jpg,6
00132__Sooty_Albatross_0030_1122.jpg,6
00133__Sooty_Albatross_0054_796347.jpg,6
00134__Sooty_Albatross_0033_1128.jpg,6
00135__Sooty_Albatross_0048_1130.jpg,6
00139__Sooty_Albatross_0024_1161.jpg,6
00144__Sooty_Albatross_0005_796342.jpg,3
00146__Sooty_Albatross_0042_1210.jpg,3
00147__Sooty_Albatross_0046_1211.jpg,6
00149__Sooty_Albatross_0049_796350.jpg,3
00150__Sooty_Albatross_0050_796351.jpg,3
00154__Sooty_Albatross_0010_796355.jpg,3
00155__Sooty_Albatross_0029_796357.jpg,6
00156__Sooty_Albatross_0069_796358.jpg,6
00157__Sooty_Albatross_0020_796359.jpg,6
00161__Sooty_Albatross_0076_796365.jpg,3
00162__Sooty_Albatross_0004_796366.jpg,3
00163__Sooty_Albatross_0065_796367.jpg,23
00165__Sooty_Albatross_0007_796372.jpg,3
00167__Sooty_Albatross_0051_796374.jpg,6
00169__Sooty_Albatross_0067_796376.jpg,6
00170__Sooty_Albatross_0066_796382.jpg,6
00171__Sooty_Albatross_0036_796387.jpg,3
00173__Sooty_Albatross_0006_796390.jpg,6
00175__Sooty_Albatross_0002_796395.jpg,26
00178__Sooty_Albatross_0013_796402.jpg,6
00179__Groove_Billed_Ani_0068_1538.jpg,28
00180__Groove_Billed_Ani_0094_1540.jpg,28
00183__Groove_Billed_Ani_0080_1549.jpg,26
00185__Groove_Billed_Ani_0037_1560.jpg,13
00186__Groove_Billed_Ani_0017_1561.jpg,28
00190__Groove_Billed_Ani_0031_1588.jpg,13
00191__Groove_Billed_Ani_0107_1590.jpg,12
00192__Groove_Billed_Ani_0035_1591.jpg,6
00193__Groove_Billed_Ani_0109_1592.jpg,19
00198__Groove_Billed_Ani_0075_1617.jpg,12
00199__Groove_Billed_Ani_0029_1620.jpg,12
00200__Groove_Billed_Ani_0108_1639.jpg,9
00201__Groove_Billed_Ani_0100_1646.jpg,26
00205__Groove_Billed_Ani_0046_1663.jpg,13
00207__Groove_Billed_Ani_0053_1672.jpg,6
00208__Groove_Billed_Ani_0088_1678.jpg,13
00210__Groove_Billed_Ani_0082_1697.jpg,6
00211__Groove_Billed_Ani_0101_1700.jpg,13
00212__Groove_Billed_Ani_0010_1704.jpg,12
00214__Groove_Billed_Ani_0040_1715.jpg,19
00217__Groove_Billed_Ani_0074_1730.jpg,13
00219__Groove_Billed_Ani_0059_1480.jpg,6
00223__Groove_Billed_Ani_0005_1750.jpg,6
00226__Groove_Billed_Ani_0014_1755.jpg,6
00229__Groove_Billed_Ani_0060_1505.jpg,15
00231__Groove_Billed_Ani_0087_1765.jpg,28
00233__Groove_Billed_Ani_0062_1767.jpg,28
00234__Groove_Billed_Ani_0092_1516.jpg,26
00236__Groove_Billed_Ani_0009_1522.jpg,6
00237__Groove_Billed_Ani_0078_1780.jpg,26
00239__Crested_Auklet_0006_1813.jpg,6
00240__Crested_Auklet_0042_794902.jpg,3
00244__Crested_Auklet_0041_794910.jpg,13
00246__Crested_Auklet_0044_1825.jpg,6
00251__Crested_Auklet_0011_794927.jpg,3
00252__Crested_Auklet_0059_794929.jpg,13
00255__Crested_Auklet_0021_794938.jpg,6
00259__Crested_Auklet_0074_794949.jpg,6
00260__Crested_Auklet_0028_794951.jpg,6
00265__Crested_Auklet_0053_794966.jpg,15
00271__Crested_Auklet_0068_785253.jpg,3
00277__Crested_Auklet_0070_785261.jpg,6
00279__Crested_Auklet_0036_794905.jpg,6
00282__Crested_Auklet_0048_1791.jpg,23
00286__Least_Auklet_0014_1901.jpg,6
00292__Least_Auklet_0032_795068.jpg,6
00298__Least_Auklet_0039_795081.jpg,13
00300__Least_Auklet_0025_795087.jpg,6
00304__Least_Auklet_0028_795094.jpg,6
00308__Least_Auklet_0055_795106.jpg,3
00309__Least_Auklet_0041_795107.jpg,6
00311__Least_Auklet_0004_795112.jpg,6
00312__Least_Auklet_0023_1898.jpg,6
00314__Least_Auklet_0046_795118.jpg,6
00315__Least_Auklet_0005_795119.jpg,6
00325__Parakeet_Auklet_0017_795924.jpg,6
00329__Parakeet_Auklet_0072_795929.jpg,6
00330__Parakeet_Auklet_0030_795930.jpg,26
00337__Parakeet_Auklet_0058_795942.jpg,26
00340__Parakeet_Auklet_0020_795947.jpg,28
00343__Parakeet_Auklet_0064_795954.jpg,28
00344__Parakeet_Auklet_0039_795955.jpg,6
00346__Parakeet_Auklet_0050_795957.jpg,6
00348__Parakeet_Auklet_0031_795960.jpg,6
00350__Parakeet_Auklet_0026_795962.jpg,26
00351__Parakeet_Auklet_0055_795963.jpg,3
00352__Parakeet_Auklet_0067_795964.jpg,3
00354__Parakeet_Auklet_0015_795966.jpg,6
00356__Parakeet_Auklet_0013_795970.jpg,26
00357__Parakeet_Auklet_0051_795971.jpg,6
00360__Parakeet_Auklet_0040_795974.jpg,6
00363__Parakeet_Auklet_0016_795977.jpg,6
00365__Parakeet_Auklet_0075_795981.jpg,6
00369__Parakeet_Auklet_0061_795990.jpg,26
00370__Parakeet_Auklet_0008_795992.jpg,3
00371__Parakeet_Auklet_0034_795994.jpg,6
00372__Parakeet_Auklet_0010_795995.jpg,6
00373__Parakeet_Auklet_0070_795998.jpg,6
00381__Rhinoceros_Auklet_0042_2101.jpg,6
00382__Rhinoceros_Auklet_0027_797496.jpg,3
00383__Rhinoceros_Auklet_0034_797497.jpg,3
00384__Rhinoceros_Auklet_0037_797499.jpg,26
00386__Rhinoceros_Auklet_0044_797502.jpg,6
00387__Rhinoceros_Auklet_0040_797503.jpg,3
00389__Rhinoceros_Auklet_0025_797508.jpg,23
00391__Rhinoceros_Auklet_0051_797510.jpg,6
00394__Rhinoceros_Auklet_0041_797515.jpg,6
00405__Rhinoceros_Auklet_0046_797532.jpg,3
00407__Rhinoceros_Auklet_0003_797535.jpg,6
00408__Rhinoceros_Auklet_0045_797536.jpg,3
00410__Rhinoceros_Auklet_0001_797538.jpg,6
00412__Rhinoceros_Auklet_0004_797541.jpg,6
00419__Rhinoceros_Auklet_0048_2162.jpg,3
00420__Rhinoceros_Auklet_0035_2166.jpg,23
00422__Rhinoceros_Auklet_0022_2170.jpg,6
00424__Rhinoceros_Auklet_0039_2174.jpg,6
00425__Brewer_Blackbird_0099_2560.jpg,6
00430__Brewer_Blackbird_0106_2608.jpg,6
00434__Brewer_Blackbird_0009_2616.jpg,3
00435__Brewer_Blackbird_0102_2620.jpg,26
00438__Brewer_Blackbird_0101_2630.jpg,28
00439__Brewer_Blackbird_0054_2631.jpg,26
00440__Brewer_Blackbird_0096_2634.jpg,6
00442__Brewer_Blackbird_0041_2653.jpg,26
00443__Brewer_Blackbird_0090_2658.jpg,26
00445__Brewer_Blackbird_0017_2668.jpg,28
00447__Brewer_Blackbird_0137_2680.jpg,6
00448__Brewer_Blackbird_0028_2682.jpg,6
00449__Brewer_Blackbird_0046_2688.jpg,6
00450__Brewer_Blackbird_0012_2691.jpg,26
00451__Brewer_Blackbird_0066_2693.jpg,13
00453__Brewer_Blackbird_0016_2225.jpg,15
00454__Brewer_Blackbird_0104_2230.jpg,13
00455__Brewer_Blackbird_0025_2231.jpg,6
00457__Brewer_Blackbird_0080_2234.jpg,6
00458__Brewer_Blackbird_0127_2235.jpg,26
00459__Brewer_Blackbird_0049_2258.jpg,3
00462__Brewer_Blackbird_0010_2269.jpg,9
00463__Brewer_Blackbird_0061_2270.jpg,6
00468__Brewer_Blackbird_0015_2286.jpg,13
00472__Brewer_Blackbird_0038_2294.jpg,6
00473__Brewer_Blackbird_0042_2302.jpg,6
00475__Brewer_Blackbird_0065_2310.jpg,6
00480__Brewer_Blackbird_0027_2329.jpg,6
00483__Brewer_Blackbird_0004_2345.jpg,6
00487__Red_Winged_Blackbird_0022_4483.jpg,6
00488__Red_Winged_Blackbird_0017_4116.jpg,6
00492__Red_Winged_Blackbird_0058_4141.jpg,6
00493__Red_Winged_Blackbird_0074_4146.jpg,9
00494__Red_Winged_Blackbird_0042_3635.jpg,6
00498__Red_Winged_Blackbird_0064_4936.jpg,13
00499__Red_Winged_Blackbird_0104_3918.jpg,6
00501__Red_Winged_Blackbird_0024_4180.jpg,6
00503__Red_Winged_Blackbird_0089_4188.jpg,13
00506__Red_Winged_Blackbird_0109_4454.jpg,28
00508__Red_Winged_Blackbird_0053_4072.jpg,13
00509__Red_Winged_Blackbird_0006_6005.jpg,13
00510__Red_Winged_Blackbird_0007_3706.jpg,28
00512__Red_Winged_Blackbird_0013_5762.jpg,28
00513__Red_Winged_Blackbird_0062_4233.jpg,13
00514__Red_Winged_Blackbird_0099_3985.jpg,28
00516__Red_Winged_Blackbird_0071_3988.jpg,6
00517__Red_Winged_Blackbird_0027_4123.jpg,28
00519__Red_Winged_Blackbird_0088_4007.jpg,13
00521__Red_Winged_Blackbird_0010_6386.jpg,6
00522__Red_Winged_Blackbird_0045_4526.jpg,6
00525__Red_Winged_Blackbird_0065_4026.jpg,9
00526__Red_Winged_Blackbird_0039_4285.jpg,13
00528__Red_Winged_Blackbird_0029_4804.jpg,6
00532__Red_Winged_Blackbird_0009_5841.jpg,6
00534__Red_Winged_Blackbird_0011_5845.jpg,12
00536__Red_Winged_Blackbird_0047_3802.jpg,28
00538__Red_Winged_Blackbird_0094_5856.jpg,26
00540__Red_Winged_Blackbird_0072_4338.jpg,28
00543__Red_Winged_Blackbird_0078_5372.jpg,6
00546__Rusty_Blackbird_0055_6923.jpg,6
00548__Rusty_Blackbird_0020_6679.jpg,28
00550__Rusty_Blackbird_0104_6685.jpg,6
00551__Rusty_Blackbird_0043_2597.jpg,23
00553__Rusty_Blackbird_0109_6698.jpg,6
00556__Rusty_Blackbird_0081_6967.jpg,28
00558__Rusty_Blackbird_0051_6715.jpg,6
00560__Rusty_Blackbird_0075_6717.jpg,28
00563__Rusty_Blackbird_0112_3415.jpg,6
00565__Rusty_Blackbird_0003_6749.jpg,6
00567__Rusty_Blackbird_0047_7009.jpg,26
00569__Rusty_Blackbird_0060_6756.jpg,26
00571__Rusty_Blackbird_0120_6762.jpg,6
00572__Rusty_Blackbird_0026_6768.jpg,6
00573__Rusty_Blackbird_0005_6771.jpg,26
00578__Rusty_Blackbird_0052_7035.jpg,28
00579__Rusty_Blackbird_0057_6935.jpg,26
00580__Rusty_Blackbird_0111_3220.jpg,13
00582__Rusty_Blackbird_0105_6937.jpg,6
00583__Rusty_Blackbird_0022_6808.jpg,9
00584__Rusty_Blackbird_0100_6597.jpg,6
00585__Rusty_Blackbird_0092_2727.jpg,28
00586__Rusty_Blackbird_0094_6582.jpg,6
00589__Rusty_Blackbird_0096_6846.jpg,9
00590__Rusty_Blackbird_0027_6593.jpg,6
00592__Rusty_Blackbird_0056_6856.jpg,28
00594__Rusty_Blackbird_0080_6877.jpg,6
00597__Rusty_Blackbird_0015_6885.jpg,28
00602__Rusty_Blackbird_0013_6902.jpg,26
00603__Rusty_Blackbird_0082_6906.jpg,15
00604__Yellow_Headed_Blackbird_0108_7937.jpg,13
00608__Yellow_Headed_Blackbird_0015_8207.jpg,6
00609__Yellow_Headed_Blackbird_0061_8208.jpg,6
00610__Yellow_Headed_Blackbird_0065_8481.jpg,13
00615__Yellow_Headed_Blackbird_0009_8248.jpg,28
00616__Yellow_Headed_Blackbird_0043_8250.jpg,26
00618__Yellow_Headed_Blackbird_0088_8257.jpg,12
00622__Yellow_Headed_Blackbird_0109_8271.jpg,6
00623__Yellow_Headed_Blackbird_0034_7736.jpg,28
00624__Yellow_Headed_Blackbird_0079_8535.jpg,12
00627__Yellow_Headed_Blackbird_0049_8548.jpg,3
00632__Yellow_Headed_Blackbird_0042_8574.jpg,3
00634__Yellow_Headed_Blackbird_0024_8586.jpg,28
00637__Yellow_Headed_Blackbird_0080_8601.jpg,28
00638__Yellow_Headed_Blackbird_0023_7325.jpg,6
00640__Yellow_Headed_Blackbird_0055_8357.jpg,9
00643__Yellow_Headed_Blackbird_0013_8362.jpg,13
00644__Yellow_Headed_Blackbird_0085_8363.jpg,13
00646__Yellow_Headed_Blackbird_0098_8367.jpg,3
00649__Yellow_Headed_Blackbird_0059_8079.jpg,28
00650__Yellow_Headed_Blackbird_0100_8407.jpg,6
00651__Yellow_Headed_Blackbird_0053_8410.jpg,6
00654__Yellow_Headed_Blackbird_0102_8441.jpg,6
00656__Yellow_Headed_Blackbird_0047_7929.jpg,13
00658__Yellow_Headed_Blackbird_0012_8443.jpg,6
00659__Yellow_Headed_Blackbird_0035_8447.jpg,13
00661__Bobolink_0007_9246.jpg,13
00664__Bobolink_0115_9265.jpg,28
00665__Bobolink_0039_9779.jpg,13
00673__Bobolink_0074_9311.jpg,13
00674__Bobolink_0120_10859.jpg,13
00675__Bobolink_0097_10861.jpg,26
00676__Bobolink_0109_9869.jpg,21
00679__Bobolink_0018_9402.jpg,3
00681__Bobolink_0126_11458.jpg,6
00683__Bobolink_0081_9439.jpg,13
00684__Bobolink_0048_9988.jpg,13
00686__Bobolink_0067_11533.jpg,13
00687__Bobolink_0110_9496.jpg,6
00688__Bobolink_0071_9503.jpg,26
00689__Bobolink_0128_9947.jpg,13
00692__Bobolink_0026_11057.jpg,13
00695__Bobolink_0112_11073.jpg,26
00696__Bobolink_0057_10051.jpg,13
00697__Bobolink_0049_9540.jpg,26
00698__Bobolink_0027_10569.jpg,6
00700__Bobolink_0076_11093.jpg,6
00703__Bobolink_0035_11117.jpg,26
00704__Bobolink_0043_10607.jpg,6
00705__Bobolink_0056_9080.jpg,13
00707__Bobolink_0021_10623.jpg,28
00708__Bobolink_0070_10624.jpg,26
00709__Bobolink_0114_10627.jpg,20
00711__Bobolink_0106_9126.jpg,26
00714__Bobolink_0040_9681.jpg,13
00718__Bobolink_0079_10736.jpg,13
00721__Indigo_Bunting_0014_14167.jpg,26
00723__Indigo_Bunting_0068_13081.jpg,6
00724__Indigo_Bunting_0040_11805.jpg,6
00726__Indigo_Bunting_0063_11820.jpg,9
00728__Indigo_Bunting_0037_14128.jpg,13
00731__Indigo_Bunting_0027_11579.jpg,26
00737__Indigo_Bunting_0053_13391.jpg,6
00738__Indigo_Bunting_0015_12632.jpg,13
00739__Indigo_Bunting_0016_13661.jpg,6
00742__Indigo_Bunting_0073_13933.jpg,26
00743__Indigo_Bunting_0072_14197.jpg,13
00745__Indigo_Bunting_0071_11639.jpg,28
00749__Indigo_Bunting_0036_13716.jpg,13
00750__Indigo_Bunting_0013_12949.jpg,13
00752__Indigo_Bunting_0021_13979.jpg,13
00753__Indigo_Bunting_0060_14495.jpg,13
00757__Indigo_Bunting_0058_12207.jpg,28
00759__Indigo_Bunting_0054_12213.jpg,9
00761__Indigo_Bunting_0025_12532.jpg,13
00763__Indigo_Bunting_0052_11893.jpg,13
00764__Indigo_Bunting_0029_13761.jpg,13
00765__Indigo_Bunting_0010_13000.jpg,13
00766__Indigo_Bunting_0078_11852.jpg,15
00767__Indigo_Bunting_0061_13259.jpg,28
00771__Indigo_Bunting_0065_14558.jpg,28
00772__Indigo_Bunting_0051_12837.jpg,6
00773__Indigo_Bunting_0033_12777.jpg,13
00774__Indigo_Bunting_0077_14060.jpg,12
00777__Indigo_Bunting_0031_13300.jpg,6
00779__Indigo_Bunting_0074_12829.jpg,6
00783__Lazuli_Bunting_0047_14863.jpg,13
00785__Lazuli_Bunting_0101_14873.jpg,6
00786__Lazuli_Bunting_0052_14618.jpg,13
00787__Lazuli_Bunting_0085_14627.jpg,26
00795__Lazuli_Bunting_0078_15164.jpg,6
00796__Lazuli_Bunting_0092_14656.jpg,26
00797__Lazuli_Bunting_0066_14914.jpg,13
00799__Lazuli_Bunting_0001_14916.jpg,12
00800__Lazuli_Bunting_0076_14662.jpg,15
00802__Lazuli_Bunting_0035_14920.jpg,28
00803__Lazuli_Bunting_0070_14665.jpg,26
00804__Lazuli_Bunting_0040_14923.jpg,12
00805__Lazuli_Bunting_0026_14669.jpg,15
00808__Lazuli_Bunting_0032_14778.jpg,28
00809__Lazuli_Bunting_0021_14686.jpg,15
00811__Lazuli_Bunting_0028_14950.jpg,13
00815__Lazuli_Bunting_0094_11894.jpg,28
00817__Lazuli_Bunting_0030_14986.jpg,6
00820__Lazuli_Bunting_0097_14617.jpg,6
00821__Lazuli_Bunting_0059_14749.jpg,26
00824__Lazuli_Bunting_0037_15021.jpg,6
00825__Lazuli_Bunting_0093_15030.jpg,26
00826__Lazuli_Bunting_0057_14775.jpg,9
00827__Lazuli_Bunting_0056_15032.jpg,13
00830__Lazuli_Bunting_0084_14815.jpg,13
00831__Lazuli_Bunting_0042_14820.jpg,6
00832__Lazuli_Bunting_0025_15079.jpg,9
00837__Lazuli_Bunting_0048_14844.jpg,26
00838__Painted_Bunting_0102_16642.jpg,26
00839__Painted_Bunting_0004_16641.jpg,26
00840__Painted_Bunting_0077_16819.jpg,28
00842__Painted_Bunting_0053_16404.jpg,6
00844__Painted_Bunting_0008_16416.jpg,12
00846__Painted_Bunting_0011_16690.jpg,13
00847__Painted_Bunting_0040_16691.jpg,6
00848__Painted_Bunting_0010_16948.jpg,26
00849__Painted_Bunting_0072_16697.jpg,9
00850__Painted_Bunting_0054_16711.jpg,15
00851__Painted_Bunting_0069_16462.jpg,12
00852__Painted_Bunting_0058_16719.jpg,28
00854__Painted_Bunting_0094_16467.jpg,6
00858__Painted_Bunting_0016_15200.jpg,9
00866__Painted_Bunting_0098_15226.jpg,26
00868__Painted_Bunting_0081_15230.jpg,6
00869__Painted_Bunting_0019_15231.jpg,6
00876__Painted_Bunting_0029_16530.jpg,13
00878__Painted_Bunting_0080_16534.jpg,26
00880__Painted_Bunting_0027_16536.jpg,13
00882__Painted_Bunting_0044_16557.jpg,6
00883__Painted_Bunting_0085_15282.jpg,3
00885__Painted_Bunting_0078_16565.jpg,15
00886__Painted_Bunting_0013_15294.jpg,6
00887__Painted_Bunting_0021_15295.jpg,12
00890__Painted_Bunting_0009_16674.jpg,6
00892__Painted_Bunting_0032_16605.jpg,3
00893__Painted_Bunting_0049_16869.jpg,13
00896__Cardinal_0038_19203.jpg,6
00897__Cardinal_0072_17159.jpg,28
00899__Cardinal_0047_17673.jpg,6
00901__Cardinal_0035_17678.jpg,6
00903__Cardinal_0103_17425.jpg,13
00904__Cardinal_0102_17808.jpg,13
00905__Cardinal_0006_17684.jpg,26
00908__Cardinal_0078_17181.jpg,26
00909__Cardinal_0041_17189.jpg,6
00911__Cardinal_0040_17477.jpg,6
00913__Cardinal_0093_17676.jpg,28
00914__Cardinal_0022_17233.jpg,6
00915__Cardinal_0023_19026.jpg,6
00919__Cardinal_0033_19215.jpg,26
00921__Cardinal_0105_19045.jpg,6
00924__Cardinal_0050_18035.jpg,6
00930__Cardinal_0014_17389.jpg,28
00932__Cardinal_0001_17057.jpg,26
00933__Cardinal_0074_18339.jpg,6
00936__Cardinal_0018_17071.jpg,26
00938__Cardinal_0062_17334.jpg,9
00940__Cardinal_0095_18108.jpg,26
00942__Cardinal_0016_17862.jpg,28
00944__Cardinal_0055_18898.jpg,26
00945__Cardinal_0010_18894.jpg,28
00948__Cardinal_0049_18258.jpg,9
00949__Cardinal_0082_17875.jpg,9
00953__Spotted_Catbird_0018_796800.jpg,13
00958__Spotted_Catbird_0033_796805.jpg,21
00961__Spotted_Catbird_0015_796808.jpg,26
00962__Spotted_Catbird_0044_796809.jpg,28
00968__Spotted_Catbird_0048_796817.jpg,6
00969__Spotted_Catbird_0026_796818.jpg,6
00971__Spotted_Catbird_0040_796820.jpg,15
00973__Spotted_Catbird_0003_796822.jpg,13
00976__Spotted_Catbird_0002_796827.jpg,26
00977__Spotted_Catbird_0032_796828.jpg,28
00978__Spotted_Catbird_0046_19399.jpg,6
00983__Spotted_Catbird_0014_19425.jpg,20
00993__Spotted_Catbird_0009_796795.jpg,6
00996__Spotted_Catbird_0021_796798.jpg,13
00997__Spotted_Catbird_0035_796799.jpg,21
00998__Gray_Catbird_0043_21008.jpg,6
00999__Gray_Catbird_0032_21551.jpg,6
01001__Gray_Catbird_0039_21040.jpg,6
01003__Gray_Catbird_0069_21065.jpg,6
01005__Gray_Catbird_0013_20562.jpg,13
01006__Gray_Catbird_0019_20567.jpg,13
01009__Gray_Catbird_0130_20328.jpg,13
01011__Gray_Catbird_0028_20598.jpg,13
01012__Gray_Catbird_0022_19585.jpg,6
01013__Gray_Catbird_0031_21635.jpg,9
01014__Gray_Catbird_0075_21125.jpg,13
01016__Gray_Catbird_0102_20644.jpg,26
01018__Gray_Catbird_0060_20656.jpg,13
01021__Gray_Catbird_0101_21178.jpg,13
01025__Gray_Catbird_0053_20694.jpg,13
01028__Gray_Catbird_0104_20716.jpg,13
01030__Gray_Catbird_0092_20735.jpg,28
01031__Gray_Catbird_0024_20739.jpg,9
01033__Gray_Catbird_0113_21270.jpg,26
01035__Gray_Catbird_0007_20186.jpg,13
01036__Gray_Catbird_0139_21281.jpg,12
01038__Gray_Catbird_0049_21311.jpg,13
01041__Gray_Catbird_0105_20864.jpg,28
01043__Gray_Catbird_0002_21395.jpg,13
01044__Gray_Catbird_0057_20979.jpg,13
01046__Gray_Catbird_0008_20430.jpg,13
01047__Gray_Catbird_0138_20945.jpg,13
01050__Gray_Catbird_0044_20955.jpg,13
01054__Gray_Catbird_0071_20974.jpg,13
01057__Yellow_Breasted_Chat_0029_22017.jpg,6
01061__Yellow_Breasted_Chat_0010_21777.jpg,26
01062__Yellow_Breasted_Chat_0063_21783.jpg,3
01063__Yellow_Breasted_Chat_0109_21796.jpg,13
01064__Yellow_Breasted_Chat_0048_21797.jpg,13
01066__Yellow_Breasted_Chat_0011_21820.jpg,9
01068__Yellow_Breasted_Chat_0084_22082.jpg,6
01070__Yellow_Breasted_Chat_0072_21830.jpg,26
01071__Yellow_Breasted_Chat_0095_21832.jpg,6
01072__Yellow_Breasted_Chat_0066_21839.jpg,28
01075__Yellow_Breasted_Chat_0091_22111.jpg,6
01076__Yellow_Breasted_Chat_0008_21856.jpg,13
01077__Yellow_Breasted_Chat_0002_21819.jpg,28
01081__Yellow_Breasted_Chat_0035_21870.jpg,9
01082__Yellow_Breasted_Chat_0110_21871.jpg,13
01084__Yellow_Breasted_Chat_0086_21877.jpg,28
01086__Yellow_Breasted_Chat_0085_21899.jpg,26
01089__Yellow_Breasted_Chat_0081_21829.jpg,13
01090__Yellow_Breasted_Chat_0023_21664.jpg,13
01092__Yellow_Breasted_Chat_0001_21928.jpg,6
01095__Yellow_Breasted_Chat_0041_21683.jpg,26
01096__Yellow_Breasted_Chat_0088_21686.jpg,12
01097__Yellow_Breasted_Chat_0022_21944.jpg,26
01099__Yellow_Breasted_Chat_0087_21695.jpg,6
01102__Yellow_Breasted_Chat_0034_21955.jpg,6
01104__Yellow_Breasted_Chat_0030_21964.jpg,13
01105__Yellow_Breasted_Chat_0061_21967.jpg,13
01108__Yellow_Breasted_Chat_0017_21719.jpg,6
01109__Yellow_Breasted_Chat_0079_21978.jpg,6
01116__Eastern_Towhee_0122_22538.jpg,13
01117__Eastern_Towhee_0018_22546.jpg,6
01118__Eastern_Towhee_0110_22549.jpg,9
01119__Eastern_Towhee_0048_22557.jpg,12
01127__Eastern_Towhee_0095_22594.jpg,12
01128__Eastern_Towhee_0086_22611.jpg,6
01131__Eastern_Towhee_0053_22623.jpg,6
01132__Eastern_Towhee_0134_22624.jpg,26
01133__Eastern_Towhee_0091_22629.jpg,26
01136__Eastern_Towhee_0017_22138.jpg,9
01137__Eastern_Towhee_0020_22141.jpg,13
01138__Eastern_Towhee_0067_22142.jpg,13
01142__Eastern_Towhee_0085_22674.jpg,6
01143__Eastern_Towhee_0105_22675.jpg,26
01144__Eastern_Towhee_0098_22676.jpg,6
01148__Eastern_Towhee_0108_22182.jpg,13
01150__Eastern_Towhee_0125_22220.jpg,28
01153__Eastern_Towhee_0112_22231.jpg,26
01154__Eastern_Towhee_0031_22233.jpg,6
01158__Eastern_Towhee_0015_22275.jpg,6
01159__Eastern_Towhee_0022_22279.jpg,15
01160__Eastern_Towhee_0080_22303.jpg,6
01161__Eastern_Towhee_0115_22304.jpg,6
01162__Eastern_Towhee_0001_22314.jpg,28
01164__Eastern_Towhee_0121_22319.jpg,13
01168__Eastern_Towhee_0049_22357.jpg,26
01169__Eastern_Towhee_0129_22358.jpg,28
01170__Eastern_Towhee_0014_22367.jpg,12
01172__Eastern_Towhee_0024_22382.jpg,9
01174__Eastern_Towhee_0062_22418.jpg,9
01176__Chuck_Will_Widow_0033_22792.jpg,6
01177__Chuck_Will_Widow_0045_22798.jpg,6
01178__Chuck_Will_Widow_0032_22802.jpg,12
01179__Chuck_Will_Widow_0019_22806.jpg,6
01180__Chuck_Will_Widow_0021_796952.jpg,6
01182__Chuck_Will_Widow_0011_796954.jpg,28
01183__Chuck_Will_Widow_0009_796955.jpg,13
01190__Chuck_Will_Widow_0015_796962.jpg,26
01192__Chuck_Will_Widow_0010_796964.jpg,28
01193__Chuck_Will_Widow_0020_796965.jpg,26
01195__Chuck_Will_Widow_0022_796967.jpg,28
01199__Chuck_Will_Widow_0047_796971.jpg,28
01200__Chuck_Will_Widow_0025_796972.jpg,13
01206__Chuck_Will_Widow_0027_796978.jpg,9
01209__Chuck_Will_Widow_0031_796981.jpg,9
01211__Chuck_Will_Widow_0042_796983.jpg,15
01212__Chuck_Will_Widow_0052_796984.jpg,28
01215__Chuck_Will_Widow_0014_796987.jpg,15
01216__Chuck_Will_Widow_0028_796988.jpg,13
01217__Chuck_Will_Widow_0038_796989.jpg,6
01218__Chuck_Will_Widow_0051_796991.jpg,15
01220__Chuck_Will_Widow_0030_796994.jpg,12
01223__Chuck_Will_Widow_0041_796997.jpg,26
01225__Chuck_Will_Widow_0058_796999.jpg,26
01226__Chuck_Will_Widow_0039_797000.jpg,9
01230__Chuck_Will_Widow_0029_22751.jpg,26
01234__Brandt_Cormorant_0019_23058.jpg,26
01235__Brandt_Cormorant_0092_23061.jpg,6
01237__Brandt_Cormorant_0002_23072.jpg,6
01240__Brandt_Cormorant_0018_23090.jpg,6
01243__Brandt_Cormorant_0052_23356.jpg,6
01244__Brandt_Cormorant_0064_22849.jpg,1
01247__Brandt_Cormorant_0065_23118.jpg,6
01249__Brandt_Cormorant_0079_22874.jpg,6
01254__Brandt_Cormorant_0001_23398.jpg,3
01255__Brandt_Cormorant_0040_23144.jpg,6
01257__Brandt_Cormorant_0028_22892.jpg,6
01258__Brandt_Cormorant_0042_23151.jpg,3
01261__Brandt_Cormorant_0061_22902.jpg,28
01262__Brandt_Cormorant_0026_22913.jpg,6
01264__Brandt_Cormorant_0003_22922.jpg,6
01265__Brandt_Cormorant_0049_22924.jpg,6
01266__Brandt_Cormorant_0030_22926.jpg,6
01267__Brandt_Cormorant_0007_22934.jpg,6
01268__Brandt_Cormorant_0036_22937.jpg,6
01269__Brandt_Cormorant_0091_22825.jpg,6
01271__Brandt_Cormorant_0039_22945.jpg,13
01272__Brandt_Cormorant_0078_23203.jpg,6
01273__Brandt_Cormorant_0053_22957.jpg,6
01275__Brandt_Cormorant_0033_22975.jpg,6
01281__Brandt_Cormorant_0088_22948.jpg,6
01283__Brandt_Cormorant_0073_23259.jpg,6
01284__Brandt_Cormorant_0071_23007.jpg,6
01285__Brandt_Cormorant_0084_23265.jpg,6
01289__Brandt_Cormorant_0047_23337.jpg,6
01292__Red_Faced_Cormorant_0026_796289.jpg,6
01293__Red_Faced_Cormorant_0021_796265.jpg,3
01295__Red_Faced_Cormorant_0003_796270.jpg,6
01297__Red_Faced_Cormorant_0069_796274.jpg,9
01301__Red_Faced_Cormorant_0013_796278.jpg,6
01304__Red_Faced_Cormorant_0063_796284.jpg,6
01305__Red_Faced_Cormorant_0024_796285.jpg,28
01306__Red_Faced_Cormorant_0057_796286.jpg,6
01313__Red_Faced_Cormorant_0054_796301.jpg,6
01315__Red_Faced_Cormorant_0025_796306.jpg,13
01316__Red_Faced_Cormorant_0015_796307.jpg,6
01317__Red_Faced_Cormorant_0039_796308.jpg,6
01319__Red_Faced_Cormorant_0038_796313.jpg,6
01321__Red_Faced_Cormorant_0058_796315.jpg,6
01323__Red_Faced_Cormorant_0020_796318.jpg,6
01325__Red_Faced_Cormorant_0068_796321.jpg,6
01330__Red_Faced_Cormorant_0001_796327.jpg,6
01333__Red_Faced_Cormorant_0047_796330.jpg,6
01335__Red_Faced_Cormorant_0066_796333.jpg,3
01339__Red_Faced_Cormorant_0027_23482.jpg,3
01341__Red_Faced_Cormorant_0010_23421.jpg,3
01342__Red_Faced_Cormorant_0023_796328.jpg,6
01345__Pelagic_Cormorant_0009_23561.jpg,6
01347__Pelagic_Cormorant_0032_23570.jpg,3
01348__Pelagic_Cormorant_0070_23513.jpg,6
01350__Pelagic_Cormorant_0063_23515.jpg,6
01351__Pelagic_Cormorant_0046_23588.jpg,9
01352__Pelagic_Cormorant_0036_23503.jpg,6
01356__Pelagic_Cormorant_0071_23964.jpg,6
01359__Pelagic_Cormorant_0042_23522.jpg,3
01364__Pelagic_Cormorant_0092_23639.jpg,6
01367__Pelagic_Cormorant_0075_23645.jpg,23
01371__Pelagic_Cormorant_0002_23680.jpg,6
01372__Pelagic_Cormorant_0003_23695.jpg,6
01373__Pelagic_Cormorant_0010_23711.jpg,6
01376__Pelagic_Cormorant_0049_23714.jpg,3
01379__Pelagic_Cormorant_0005_23720.jpg,28
01382__Pelagic_Cormorant_0030_23732.jpg,6
01385__Pelagic_Cormorant_0041_23763.jpg,6
01386__Pelagic_Cormorant_0016_23509.jpg,3
01387__Pelagic_Cormorant_0074_23511.jpg,6
01388__Pelagic_Cormorant_0082_23844.jpg,6
01390__Pelagic_Cormorant_0096_23775.jpg,3
01391__Pelagic_Cormorant_0025_23776.jpg,6
01392__Pelagic_Cormorant_0102_23778.jpg,6
01393__Pelagic_Cormorant_0076_23523.jpg,6
01394__Pelagic_Cormorant_0098_23783.jpg,6
01395__Pelagic_Cormorant_0099_23784.jpg,3
01396__Pelagic_Cormorant_0073_23785.jpg,3
01397__Pelagic_Cormorant_0033_23530.jpg,9
01399__Pelagic_Cormorant_0001_23538.jpg,6
01400__Pelagic_Cormorant_0014_23801.jpg,6
01409__Bronzed_Cowbird_0051_24083.jpg,15
01410__Bronzed_Cowbird_0030_24103.jpg,6
01411__Bronzed_Cowbird_0034_796209.jpg,6
01412__Bronzed_Cowbird_0091_796212.jpg,6
01413__Bronzed_Cowbird_0025_796213.jpg,6
01416__Bronzed_Cowbird_0046_796218.jpg,6
01419__Bronzed_Cowbird_0022_796221.jpg,6
01421__Bronzed_Cowbird_0087_796223.jpg,13
01422__Bronzed_Cowbird_0043_796224.jpg,6
01423__Bronzed_Cowbird_0073_796226.jpg,13
01424__Bronzed_Cowbird_0013_24131.jpg,26
01425__Bronzed_Cowbird_0026_796229.jpg,13
01427__Bronzed_Cowbird_0061_796232.jpg,13
01430__Bronzed_Cowbird_0076_796235.jpg,9
01431__Bronzed_Cowbird_0020_796237.jpg,6
01432__Bronzed_Cowbird_0062_796238.jpg,6
01433__Bronzed_Cowbird_0058_796239.jpg,26
01434__Bronzed_Cowbird_0010_24146.jpg,6
01435__Bronzed_Cowbird_0049_24147.jpg,13
01437__Bronzed_Cowbird_0003_796246.jpg,13
01442__Bronzed_Cowbird_0078_796262.jpg,26
01443__Bronzed_Cowbird_0024_24167.jpg,13
01446__Bronzed_Cowbird_0082_24175.jpg,28
01448__Bronzed_Cowbird_0021_24189.jpg,6
01449__Bronzed_Cowbird_0081_24198.jpg,9
01450__Bronzed_Cowbird_0064_24199.jpg,9
01451__Bronzed_Cowbird_0031_24139.jpg,28
01454__Bronzed_Cowbird_0019_796242.jpg,26
01457__Bronzed_Cowbird_0037_24032.jpg,13
01462__Bronzed_Cowbird_0016_796245.jpg,13
01463__Shiny_Cowbird_0056_24321.jpg,13
01467__Shiny_Cowbird_0057_24345.jpg,26
01471__Shiny_Cowbird_0039_24359.jpg,6
01473__Shiny_Cowbird_0029_24372.jpg,13
01477__Shiny_Cowbird_0067_24392.jpg,6
01478__Shiny_Cowbird_0079_24399.jpg,15
01479__Shiny_Cowbird_0012_24249.jpg,6
01480__Shiny_Cowbird_0068_24413.jpg,28
01481__Shiny_Cowbird_0059_24421.jpg,6
01482__Shiny_Cowbird_0007_24434.jpg,28
01483__Shiny_Cowbird_0051_24438.jpg,6
01485__Shiny_Cowbird_0037_24440.jpg,13
01487__Shiny_Cowbird_0030_24206.jpg,28
01490__Shiny_Cowbird_0018_796830.jpg,6
01492__Shiny_Cowbird_0081_796833.jpg,26
01494__Shiny_Cowbird_0009_796835.jpg,9
01495__Shiny_Cowbird_0035_796837.jpg,28
01496__Shiny_Cowbird_0085_796839.jpg,6
01497__Shiny_Cowbird_0004_796841.jpg,6
01498__Shiny_Cowbird_0078_796846.jpg,26
01502__Shiny_Cowbird_0027_796850.jpg,26
01503__Shiny_Cowbird_0031_796851.jpg,3
01506__Shiny_Cowbird_0043_796857.jpg,13
01507__Shiny_Cowbird_0015_796858.jpg,6
01513__Shiny_Cowbird_0080_796875.jpg,13
01517__Shiny_Cowbird_0020_24276.jpg,13
01518__Shiny_Cowbird_0082_24279.jpg,26
01520__Shiny_Cowbird_0005_796873.jpg,26
01521__Shiny_Cowbird_0032_24284.jpg,28
01522__Shiny_Cowbird_0074_24297.jpg,28
01524__Brown_Creeper_0093_24581.jpg,26
01525__Brown_Creeper_0123_24589.jpg,26
01526__Brown_Creeper_0111_24590.jpg,6
01529__Brown_Creeper_0069_24618.jpg,6
01531__Brown_Creeper_0079_24647.jpg,9
01534__Brown_Creeper_0005_24659.jpg,6
01536__Brown_Creeper_0104_24698.jpg,9
01538__Brown_Creeper_0027_24729.jpg,28
01539__Brown_Creeper_0088_24731.jpg,15
01542__Brown_Creeper_0107_24827.jpg,26
01545__Brown_Creeper_0089_24841.jpg,6
01546__Brown_Creeper_0004_24851.jpg,9
01550__Brown_Creeper_0029_24912.jpg,15
01551__Brown_Creeper_0065_24464.jpg,28
01553__Brown_Creeper_0085_24938.jpg,28
01555__Brown_Creeper_0035_24941.jpg,6
01556__Brown_Creeper_0075_24947.jpg,6
01558__Brown_Creeper_0012_24956.jpg,6
01559__Brown_Creeper_0001_24449.jpg,26
01560__Brown_Creeper_0124_24963.jpg,9
01561__Brown_Creeper_0056_24452.jpg,9
01563__Brown_Creeper_0046_24463.jpg,6
01566__Brown_Creeper_0051_24468.jpg,28
01568__Brown_Creeper_0101_24987.jpg,13
01570__Brown_Creeper_0031_24999.jpg,28
01575__Brown_Creeper_0006_25034.jpg,26
01576__Brown_Creeper_0057_24529.jpg,6
01577__Brown_Creeper_0073_24546.jpg,9
01580__Brown_Creeper_0102_25000.jpg,6
01583__American_Crow_0030_25092.jpg,13
01593__American_Crow_0021_25137.jpg,6
01594__American_Crow_0027_25146.jpg,3
01596__American_Crow_0011_25151.jpg,6
01597__American_Crow_0043_25666.jpg,26
01600__American_Crow_0139_25186.jpg,3
01602__American_Crow_0131_25706.jpg,13
01605__American_Crow_0122_25200.jpg,6
01606__American_Crow_0053_25203.jpg,6
01607__American_Crow_0099_25717.jpg,6
01609__American_Crow_0121_25720.jpg,6
01610__American_Crow_0080_25220.jpg,6
01611__American_Crow_0137_25221.jpg,13
01612__American_Crow_0050_25255.jpg,26
01613__American_Crow_0085_25260.jpg,6
01614__American_Crow_0105_25283.jpg,13
01615__American_Crow_0014_25287.jpg,6
01616__American_Crow_0088_25303.jpg,9
01618__American_Crow_0004_25819.jpg,9
01625__American_Crow_0127_25412.jpg,28
01626__American_Crow_0066_25827.jpg,13
01627__American_Crow_0031_25433.jpg,6
01628__American_Crow_0067_25443.jpg,6
01629__American_Crow_0079_25463.jpg,26
01630__American_Crow_0051_25505.jpg,28
01631__American_Crow_0069_25506.jpg,9
01633__American_Crow_0110_25541.jpg,6
01634__American_Crow_0001_25053.jpg,28
01636__American_Crow_0048_25062.jpg,6
01640__American_Crow_0104_25086.jpg,6
01643__Fish_Crow_0080_25861.jpg,26
01644__Fish_Crow_0059_25864.jpg,6
01646__Fish_Crow_0067_26124.jpg,6
01648__Fish_Crow_0018_25879.jpg,28
01649__Fish_Crow_0041_25887.jpg,6
01651__Fish_Crow_0034_25891.jpg,6
01652__Fish_Crow_0042_26148.jpg,6
01655__Fish_Crow_0031_25909.jpg,6
01656__Fish_Crow_0036_25911.jpg,28
01659__Fish_Crow_0085_25919.jpg,6
01660__Fish_Crow_0071_25155.jpg,6
01661__Fish_Crow_0040_25158.jpg,13
01662__Fish_Crow_0051_25934.jpg,6
01664__Fish_Crow_0013_25939.jpg,6
01665__Fish_Crow_0065_25942.jpg,6
01666__Fish_Crow_0072_25945.jpg,6
01667__Fish_Crow_0012_25946.jpg,6
01673__Fish_Crow_0073_25977.jpg,26
01678__Fish_Crow_0082_26012.jpg,6
01679__Fish_Crow_0032_26014.jpg,6
01682__Fish_Crow_0061_25884.jpg,6
01683__Fish_Crow_0020_26027.jpg,28
01692__Fish_Crow_0053_26067.jpg,6
01693__Fish_Crow_0047_26070.jpg,6
01694__Fish_Crow_0037_26071.jpg,3
01695__Fish_Crow_0002_26072.jpg,6
01696__Fish_Crow_0055_26077.jpg,6
01697__Fish_Crow_0035_26081.jpg,6
01698__Fish_Crow_0063_26094.jpg,6
01700__Fish_Crow_0056_25851.jpg,6
